{
  "project_info": {
    "project_number": "260877528293",
    "project_id": "fastfooderapp-b38de",
    "storage_bucket": "fastfooderapp-b38de.appspot.com"
  },
  "client": [
    {
      "client_info": {
        "mobilesdk_app_id": "1:260877528293:android:25acc1615a5839a98e780c",
        "android_client_info": {
          "package_name": "com.vijay.fastfooder"
        }
      },
      "oauth_client": [],
      "api_key": [
        {
          "current_key": "AIzaSyBrH7qCOlv2mOzl-nECnUoBPv2g49czFfE"
        }
      ],
      "services": {
        "appinvite_service": {
          "other_platform_oauth_client": []
        }
      }
    }
  ],
  "configuration_version": "1"
}