{"v":"5.8.1","fr":30,"ip":0,"op":101,"w":500,"h":500,"nm":"Login_and_Sign_up ","ddd":0,"assets":[],"layers":[{"ddd":0,"ind":1,"ty":4,"nm":"Group 1 :M","sr":1,"ks":{"o":{"a":0,"k":100,"ix":11},"r":{"a":0,"k":0,"ix":10},"p":{"a":0,"k":[218.999,313.27,0],"ix":2,"l":2},"a":{"a":0,"k":[218.999,313.27,0],"ix":1,"l":2},"s":{"a":0,"k":[100,100,100],"ix":6,"l":2}},"ao":0,"shapes":[{"ty":"gr","it":[{"ty":"gr","it":[{"ind":0,"ty":"sh","ix":1,"ks":{"a":0,"k":{"i":[[2.603,-3.021],[0.567,-0.343],[0.567,-0.3],[3.803,-0.729],[3.803,0.729],[0.567,0.343],[0.567,0.386],[2.624,2.956],[1.274,3.728],[-0.011,0.729],[-0.054,0.729],[-1.446,3.749],[-2.667,2.978],[-0.632,0.364],[-0.632,0.321],[-3.803,0.729],[-3.803,-0.729],[-0.653,-0.321],[-0.653,-0.364],[-2.667,-2.978],[-1.36,-3.728],[-0.032,-0.75],[0.011,-0.75],[1.317,-3.749]],"o":[[2.603,-3.021],[0.567,-0.343],[0.567,-0.3],[3.803,-0.729],[3.803,0.729],[0.567,0.343],[0.567,0.386],[2.624,2.956],[1.274,3.728],[-0.011,0.729],[-0.054,0.729],[-1.446,3.749],[-2.667,2.978],[-0.632,0.364],[-0.632,0.321],[-3.803,0.729],[-3.803,-0.729],[-0.653,-0.321],[-0.653,-0.364],[-2.667,-2.978],[-1.36,-3.728],[-0.032,-0.75],[0.011,-0.75],[1.317,-3.749]],"v":[[2.603,-3.021],[0.567,-0.343],[0.567,-0.3],[3.803,-0.729],[3.803,0.729],[0.567,0.343],[0.567,0.386],[2.624,2.956],[1.274,3.728],[-0.011,0.729],[-0.054,0.729],[-1.446,3.749],[-2.667,2.978],[-0.632,0.364],[-0.632,0.321],[-3.803,0.729],[-3.803,-0.729],[-0.653,-0.321],[-0.653,-0.364],[-2.667,-2.978],[-1.36,-3.728],[-0.032,-0.75],[0.011,-0.75],[1.317,-3.749]],"c":true},"ix":2},"nm":"Path 1","mn":"ADBE Vector Shape - Group","hd":false},{"ty":"fl","c":{"a":0,"k":[0.4431,0.502,0.9922,1],"ix":4},"o":{"a":0,"k":100,"ix":5},"r":1,"bm":0,"nm":"Fill 1","mn":"ADBE Vector Graphic - Fill","hd":false},{"ty":"tr","p":{"a":0,"k":[250.124,313.27],"ix":2},"a":{"a":0,"k":[0,0],"ix":1},"s":{"a":0,"k":[100,100],"ix":3},"r":{"a":0,"k":0,"ix":6},"o":{"a":0,"k":100,"ix":7},"sk":{"a":0,"k":0,"ix":4},"sa":{"a":0,"k":0,"ix":5},"nm":"Transform"}],"nm":"Group 1","np":2,"cix":2,"bm":0,"ix":1,"mn":"ADBE Vector Group","hd":false},{"ty":"tr","p":{"a":0,"k":[250.124,313.27],"ix":2},"a":{"a":0,"k":[250.124,313.27],"ix":1},"s":{"a":0,"k":[100,100],"ix":3},"r":{"a":0,"k":0,"ix":6},"o":{"a":1,"k":[{"i":{"x":[0.833],"y":[0.833]},"o":{"x":[0.167],"y":[0.167]},"t":63,"s":[0]},{"i":{"x":[0.833],"y":[0.833]},"o":{"x":[0.167],"y":[0.167]},"t":64,"s":[100]},{"i":{"x":[0.833],"y":[0.833]},"o":{"x":[0.167],"y":[0.167]},"t":84,"s":[100]},{"i":{"x":[0.833],"y":[0.833]},"o":{"x":[0.167],"y":[0.167]},"t":364,"s":[100]},{"t":365,"s":[0]}],"ix":7},"sk":{"a":0,"k":0,"ix":4},"sa":{"a":0,"k":0,"ix":5},"nm":"Transform"}],"nm":"Group 1","np":1,"cix":2,"bm":0,"ix":1,"mn":"ADBE Vector Group","hd":false},{"ty":"gr","it":[{"ty":"gr","it":[{"ind":0,"ty":"sh","ix":1,"ks":{"a":0,"k":{"i":[[2.603,-3.021],[0.568,-0.343],[0.568,-0.3],[3.802,-0.729],[3.802,0.729],[0.568,0.343],[0.568,0.386],[2.625,2.956],[1.275,3.728],[-0.01,0.729],[-0.053,0.729],[-1.446,3.749],[-2.667,2.978],[-0.632,0.364],[-0.632,0.321],[-3.802,0.729],[-3.802,-0.729],[-0.653,-0.321],[-0.653,-0.364],[-2.667,-2.978],[-1.36,-3.728],[-0.032,-0.75],[0.011,-0.75],[1.318,-3.749]],"o":[[2.603,-3.021],[0.568,-0.343],[0.568,-0.3],[3.802,-0.729],[3.802,0.729],[0.568,0.343],[0.568,0.386],[2.625,2.956],[1.275,3.728],[-0.01,0.729],[-0.053,0.729],[-1.446,3.749],[-2.667,2.978],[-0.632,0.364],[-0.632,0.321],[-3.802,0.729],[-3.802,-0.729],[-0.653,-0.321],[-0.653,-0.364],[-2.667,-2.978],[-1.36,-3.728],[-0.032,-0.75],[0.011,-0.75],[1.318,-3.749]],"v":[[2.603,-3.021],[0.568,-0.343],[0.568,-0.3],[3.802,-0.729],[3.802,0.729],[0.568,0.343],[0.568,0.386],[2.625,2.956],[1.275,3.728],[-0.01,0.729],[-0.053,0.729],[-1.446,3.749],[-2.667,2.978],[-0.632,0.364],[-0.632,0.321],[-3.802,0.729],[-3.802,-0.729],[-0.653,-0.321],[-0.653,-0.364],[-2.667,-2.978],[-1.36,-3.728],[-0.032,-0.75],[0.011,-0.75],[1.318,-3.749]],"c":true},"ix":2},"nm":"Path 1","mn":"ADBE Vector Shape - Group","hd":false},{"ty":"fl","c":{"a":0,"k":[0.4431,0.502,0.9922,1],"ix":4},"o":{"a":0,"k":100,"ix":5},"r":1,"bm":0,"nm":"Fill 1","mn":"ADBE Vector Graphic - Fill","hd":false},{"ty":"tr","p":{"a":0,"k":[241.231,313.27],"ix":2},"a":{"a":0,"k":[0,0],"ix":1},"s":{"a":0,"k":[100,100],"ix":3},"r":{"a":0,"k":0,"ix":6},"o":{"a":0,"k":100,"ix":7},"sk":{"a":0,"k":0,"ix":4},"sa":{"a":0,"k":0,"ix":5},"nm":"Transform"}],"nm":"Group 2","np":2,"cix":2,"bm":0,"ix":1,"mn":"ADBE Vector Group","hd":false},{"ty":"tr","p":{"a":0,"k":[241.231,313.27],"ix":2},"a":{"a":0,"k":[241.231,313.27],"ix":1},"s":{"a":0,"k":[100,100],"ix":3},"r":{"a":0,"k":0,"ix":6},"o":{"a":1,"k":[{"i":{"x":[0.833],"y":[0.833]},"o":{"x":[0.167],"y":[0.167]},"t":61,"s":[0]},{"i":{"x":[0.833],"y":[0.833]},"o":{"x":[0.167],"y":[0.167]},"t":62,"s":[100]},{"i":{"x":[0.833],"y":[0.833]},"o":{"x":[0.167],"y":[0.167]},"t":82,"s":[100]},{"i":{"x":[0.833],"y":[0.833]},"o":{"x":[0.167],"y":[0.167]},"t":362,"s":[100]},{"t":363,"s":[0]}],"ix":7},"sk":{"a":0,"k":0,"ix":4},"sa":{"a":0,"k":0,"ix":5},"nm":"Transform"}],"nm":"Group 2","np":1,"cix":2,"bm":0,"ix":2,"mn":"ADBE Vector Group","hd":false},{"ty":"gr","it":[{"ty":"gr","it":[{"ind":0,"ty":"sh","ix":1,"ks":{"a":0,"k":{"i":[[2.603,-3.021],[0.568,-0.343],[0.568,-0.3],[3.803,-0.729],[3.803,0.729],[0.568,0.343],[0.568,0.386],[2.625,2.956],[1.275,3.728],[-0.011,0.729],[-0.054,0.729],[-1.446,3.749],[-2.667,2.978],[-0.632,0.364],[-0.632,0.321],[-3.803,0.729],[-3.803,-0.729],[-0.653,-0.321],[-0.653,-0.364],[-2.667,-2.978],[-1.36,-3.728],[-0.032,-0.75],[0.011,-0.75],[1.317,-3.749]],"o":[[2.603,-3.021],[0.568,-0.343],[0.568,-0.3],[3.803,-0.729],[3.803,0.729],[0.568,0.343],[0.568,0.386],[2.625,2.956],[1.275,3.728],[-0.011,0.729],[-0.054,0.729],[-1.446,3.749],[-2.667,2.978],[-0.632,0.364],[-0.632,0.321],[-3.803,0.729],[-3.803,-0.729],[-0.653,-0.321],[-0.653,-0.364],[-2.667,-2.978],[-1.36,-3.728],[-0.032,-0.75],[0.011,-0.75],[1.317,-3.749]],"v":[[2.603,-3.021],[0.568,-0.343],[0.568,-0.3],[3.803,-0.729],[3.803,0.729],[0.568,0.343],[0.568,0.386],[2.625,2.956],[1.275,3.728],[-0.011,0.729],[-0.054,0.729],[-1.446,3.749],[-2.667,2.978],[-0.632,0.364],[-0.632,0.321],[-3.803,0.729],[-3.803,-0.729],[-0.653,-0.321],[-0.653,-0.364],[-2.667,-2.978],[-1.36,-3.728],[-0.032,-0.75],[0.011,-0.75],[1.317,-3.749]],"c":true},"ix":2},"nm":"Path 1","mn":"ADBE Vector Shape - Group","hd":false},{"ty":"fl","c":{"a":0,"k":[0.4431,0.502,0.9922,1],"ix":4},"o":{"a":0,"k":100,"ix":5},"r":1,"bm":0,"nm":"Fill 1","mn":"ADBE Vector Graphic - Fill","hd":false},{"ty":"tr","p":{"a":0,"k":[232.338,313.27],"ix":2},"a":{"a":0,"k":[0,0],"ix":1},"s":{"a":0,"k":[100,100],"ix":3},"r":{"a":0,"k":0,"ix":6},"o":{"a":0,"k":100,"ix":7},"sk":{"a":0,"k":0,"ix":4},"sa":{"a":0,"k":0,"ix":5},"nm":"Transform"}],"nm":"Group 3","np":2,"cix":2,"bm":0,"ix":1,"mn":"ADBE Vector Group","hd":false},{"ty":"tr","p":{"a":0,"k":[232.338,313.27],"ix":2},"a":{"a":0,"k":[232.338,313.27],"ix":1},"s":{"a":0,"k":[100,100],"ix":3},"r":{"a":0,"k":0,"ix":6},"o":{"a":1,"k":[{"i":{"x":[0.833],"y":[0.833]},"o":{"x":[0.167],"y":[0.167]},"t":59,"s":[0]},{"i":{"x":[0.833],"y":[0.833]},"o":{"x":[0.167],"y":[0.167]},"t":60,"s":[100]},{"i":{"x":[0.833],"y":[0.833]},"o":{"x":[0.167],"y":[0.167]},"t":80,"s":[100]},{"i":{"x":[0.833],"y":[0.833]},"o":{"x":[0.167],"y":[0.167]},"t":360,"s":[100]},{"t":361,"s":[0]}],"ix":7},"sk":{"a":0,"k":0,"ix":4},"sa":{"a":0,"k":0,"ix":5},"nm":"Transform"}],"nm":"Group 3","np":1,"cix":2,"bm":0,"ix":3,"mn":"ADBE Vector Group","hd":false},{"ty":"gr","it":[{"ty":"gr","it":[{"ind":0,"ty":"sh","ix":1,"ks":{"a":0,"k":{"i":[[2.603,-3.021],[0.568,-0.343],[0.568,-0.3],[3.803,-0.729],[3.803,0.729],[0.568,0.343],[0.568,0.386],[2.625,2.956],[1.275,3.728],[-0.011,0.729],[-0.054,0.729],[-1.446,3.749],[-2.667,2.978],[-0.632,0.364],[-0.632,0.321],[-3.803,0.729],[-3.803,-0.729],[-0.653,-0.321],[-0.653,-0.364],[-2.667,-2.978],[-1.36,-3.728],[-0.032,-0.75],[0.011,-0.75],[1.317,-3.749]],"o":[[2.603,-3.021],[0.568,-0.343],[0.568,-0.3],[3.803,-0.729],[3.803,0.729],[0.568,0.343],[0.568,0.386],[2.625,2.956],[1.275,3.728],[-0.011,0.729],[-0.054,0.729],[-1.446,3.749],[-2.667,2.978],[-0.632,0.364],[-0.632,0.321],[-3.803,0.729],[-3.803,-0.729],[-0.653,-0.321],[-0.653,-0.364],[-2.667,-2.978],[-1.36,-3.728],[-0.032,-0.75],[0.011,-0.75],[1.317,-3.749]],"v":[[2.603,-3.021],[0.568,-0.343],[0.568,-0.3],[3.803,-0.729],[3.803,0.729],[0.568,0.343],[0.568,0.386],[2.625,2.956],[1.275,3.728],[-0.011,0.729],[-0.054,0.729],[-1.446,3.749],[-2.667,2.978],[-0.632,0.364],[-0.632,0.321],[-3.803,0.729],[-3.803,-0.729],[-0.653,-0.321],[-0.653,-0.364],[-2.667,-2.978],[-1.36,-3.728],[-0.032,-0.75],[0.011,-0.75],[1.317,-3.749]],"c":true},"ix":2},"nm":"Path 1","mn":"ADBE Vector Shape - Group","hd":false},{"ty":"fl","c":{"a":0,"k":[0.4431,0.502,0.9922,1],"ix":4},"o":{"a":0,"k":100,"ix":5},"r":1,"bm":0,"nm":"Fill 1","mn":"ADBE Vector Graphic - Fill","hd":false},{"ty":"tr","p":{"a":0,"k":[223.445,313.27],"ix":2},"a":{"a":0,"k":[0,0],"ix":1},"s":{"a":0,"k":[100,100],"ix":3},"r":{"a":0,"k":0,"ix":6},"o":{"a":0,"k":100,"ix":7},"sk":{"a":0,"k":0,"ix":4},"sa":{"a":0,"k":0,"ix":5},"nm":"Transform"}],"nm":"Group 4","np":2,"cix":2,"bm":0,"ix":1,"mn":"ADBE Vector Group","hd":false},{"ty":"tr","p":{"a":0,"k":[223.445,313.27],"ix":2},"a":{"a":0,"k":[223.445,313.27],"ix":1},"s":{"a":0,"k":[100,100],"ix":3},"r":{"a":0,"k":0,"ix":6},"o":{"a":1,"k":[{"i":{"x":[0.833],"y":[0.833]},"o":{"x":[0.167],"y":[0.167]},"t":57,"s":[0]},{"i":{"x":[0.833],"y":[0.833]},"o":{"x":[0.167],"y":[0.167]},"t":58,"s":[100]},{"i":{"x":[0.833],"y":[0.833]},"o":{"x":[0.167],"y":[0.167]},"t":78,"s":[100]},{"i":{"x":[0.833],"y":[0.833]},"o":{"x":[0.167],"y":[0.167]},"t":358,"s":[100]},{"t":359,"s":[0]}],"ix":7},"sk":{"a":0,"k":0,"ix":4},"sa":{"a":0,"k":0,"ix":5},"nm":"Transform"}],"nm":"Group 4","np":1,"cix":2,"bm":0,"ix":4,"mn":"ADBE Vector Group","hd":false},{"ty":"gr","it":[{"ty":"gr","it":[{"ind":0,"ty":"sh","ix":1,"ks":{"a":0,"k":{"i":[[2.603,-3.021],[0.568,-0.343],[0.568,-0.3],[3.803,-0.729],[3.803,0.729],[0.568,0.343],[0.568,0.386],[2.625,2.956],[1.275,3.728],[-0.011,0.729],[-0.054,0.729],[-1.446,3.749],[-2.667,2.978],[-0.632,0.364],[-0.632,0.321],[-3.803,0.729],[-3.803,-0.729],[-0.653,-0.321],[-0.653,-0.364],[-2.667,-2.978],[-1.36,-3.728],[-0.032,-0.75],[0.011,-0.75],[1.317,-3.749]],"o":[[2.603,-3.021],[0.568,-0.343],[0.568,-0.3],[3.803,-0.729],[3.803,0.729],[0.568,0.343],[0.568,0.386],[2.625,2.956],[1.275,3.728],[-0.011,0.729],[-0.054,0.729],[-1.446,3.749],[-2.667,2.978],[-0.632,0.364],[-0.632,0.321],[-3.803,0.729],[-3.803,-0.729],[-0.653,-0.321],[-0.653,-0.364],[-2.667,-2.978],[-1.36,-3.728],[-0.032,-0.75],[0.011,-0.75],[1.317,-3.749]],"v":[[2.603,-3.021],[0.568,-0.343],[0.568,-0.3],[3.803,-0.729],[3.803,0.729],[0.568,0.343],[0.568,0.386],[2.625,2.956],[1.275,3.728],[-0.011,0.729],[-0.054,0.729],[-1.446,3.749],[-2.667,2.978],[-0.632,0.364],[-0.632,0.321],[-3.803,0.729],[-3.803,-0.729],[-0.653,-0.321],[-0.653,-0.364],[-2.667,-2.978],[-1.36,-3.728],[-0.032,-0.75],[0.011,-0.75],[1.317,-3.749]],"c":true},"ix":2},"nm":"Path 1","mn":"ADBE Vector Shape - Group","hd":false},{"ty":"fl","c":{"a":0,"k":[0.4431,0.502,0.9922,1],"ix":4},"o":{"a":0,"k":100,"ix":5},"r":1,"bm":0,"nm":"Fill 1","mn":"ADBE Vector Graphic - Fill","hd":false},{"ty":"tr","p":{"a":0,"k":[214.553,313.27],"ix":2},"a":{"a":0,"k":[0,0],"ix":1},"s":{"a":0,"k":[100,100],"ix":3},"r":{"a":0,"k":0,"ix":6},"o":{"a":0,"k":100,"ix":7},"sk":{"a":0,"k":0,"ix":4},"sa":{"a":0,"k":0,"ix":5},"nm":"Transform"}],"nm":"Group 5","np":2,"cix":2,"bm":0,"ix":1,"mn":"ADBE Vector Group","hd":false},{"ty":"tr","p":{"a":0,"k":[214.553,313.27],"ix":2},"a":{"a":0,"k":[214.553,313.27],"ix":1},"s":{"a":0,"k":[100,100],"ix":3},"r":{"a":0,"k":0,"ix":6},"o":{"a":1,"k":[{"i":{"x":[0.833],"y":[0.833]},"o":{"x":[0.167],"y":[0.167]},"t":55,"s":[0]},{"i":{"x":[0.833],"y":[0.833]},"o":{"x":[0.167],"y":[0.167]},"t":56,"s":[100]},{"i":{"x":[0.833],"y":[0.833]},"o":{"x":[0.167],"y":[0.167]},"t":76,"s":[100]},{"i":{"x":[0.833],"y":[0.833]},"o":{"x":[0.167],"y":[0.167]},"t":356,"s":[100]},{"t":357,"s":[0]}],"ix":7},"sk":{"a":0,"k":0,"ix":4},"sa":{"a":0,"k":0,"ix":5},"nm":"Transform"}],"nm":"Group 5","np":1,"cix":2,"bm":0,"ix":5,"mn":"ADBE Vector Group","hd":false},{"ty":"gr","it":[{"ty":"gr","it":[{"ind":0,"ty":"sh","ix":1,"ks":{"a":0,"k":{"i":[[2.603,-3.021],[0.568,-0.343],[0.568,-0.3],[3.803,-0.729],[3.803,0.729],[0.568,0.343],[0.568,0.386],[2.625,2.956],[1.275,3.728],[-0.011,0.729],[-0.054,0.729],[-1.446,3.749],[-2.667,2.978],[-0.632,0.364],[-0.632,0.321],[-3.803,0.729],[-3.803,-0.729],[-0.653,-0.321],[-0.653,-0.364],[-2.667,-2.978],[-1.36,-3.728],[-0.032,-0.75],[0.011,-0.75],[1.317,-3.749]],"o":[[2.603,-3.021],[0.568,-0.343],[0.568,-0.3],[3.803,-0.729],[3.803,0.729],[0.568,0.343],[0.568,0.386],[2.625,2.956],[1.275,3.728],[-0.011,0.729],[-0.054,0.729],[-1.446,3.749],[-2.667,2.978],[-0.632,0.364],[-0.632,0.321],[-3.803,0.729],[-3.803,-0.729],[-0.653,-0.321],[-0.653,-0.364],[-2.667,-2.978],[-1.36,-3.728],[-0.032,-0.75],[0.011,-0.75],[1.317,-3.749]],"v":[[2.603,-3.021],[0.568,-0.343],[0.568,-0.3],[3.803,-0.729],[3.803,0.729],[0.568,0.343],[0.568,0.386],[2.625,2.956],[1.275,3.728],[-0.011,0.729],[-0.054,0.729],[-1.446,3.749],[-2.667,2.978],[-0.632,0.364],[-0.632,0.321],[-3.803,0.729],[-3.803,-0.729],[-0.653,-0.321],[-0.653,-0.364],[-2.667,-2.978],[-1.36,-3.728],[-0.032,-0.75],[0.011,-0.75],[1.317,-3.749]],"c":true},"ix":2},"nm":"Path 1","mn":"ADBE Vector Shape - Group","hd":false},{"ty":"fl","c":{"a":0,"k":[0.4431,0.502,0.9922,1],"ix":4},"o":{"a":0,"k":100,"ix":5},"r":1,"bm":0,"nm":"Fill 1","mn":"ADBE Vector Graphic - Fill","hd":false},{"ty":"tr","p":{"a":0,"k":[205.66,313.27],"ix":2},"a":{"a":0,"k":[0,0],"ix":1},"s":{"a":0,"k":[100,100],"ix":3},"r":{"a":0,"k":0,"ix":6},"o":{"a":0,"k":100,"ix":7},"sk":{"a":0,"k":0,"ix":4},"sa":{"a":0,"k":0,"ix":5},"nm":"Transform"}],"nm":"Group 6","np":2,"cix":2,"bm":0,"ix":1,"mn":"ADBE Vector Group","hd":false},{"ty":"tr","p":{"a":0,"k":[205.66,313.27],"ix":2},"a":{"a":0,"k":[205.66,313.27],"ix":1},"s":{"a":0,"k":[100,100],"ix":3},"r":{"a":0,"k":0,"ix":6},"o":{"a":1,"k":[{"i":{"x":[0.833],"y":[0.833]},"o":{"x":[0.167],"y":[0.167]},"t":53,"s":[0]},{"i":{"x":[0.833],"y":[0.833]},"o":{"x":[0.167],"y":[0.167]},"t":54,"s":[100]},{"i":{"x":[0.833],"y":[0.833]},"o":{"x":[0.167],"y":[0.167]},"t":74,"s":[100]},{"i":{"x":[0.833],"y":[0.833]},"o":{"x":[0.167],"y":[0.167]},"t":354,"s":[100]},{"t":355,"s":[0]}],"ix":7},"sk":{"a":0,"k":0,"ix":4},"sa":{"a":0,"k":0,"ix":5},"nm":"Transform"}],"nm":"Group 6","np":1,"cix":2,"bm":0,"ix":6,"mn":"ADBE Vector Group","hd":false},{"ty":"gr","it":[{"ty":"gr","it":[{"ind":0,"ty":"sh","ix":1,"ks":{"a":0,"k":{"i":[[2.603,-3.021],[0.568,-0.343],[0.568,-0.3],[3.803,-0.729],[3.803,0.729],[0.568,0.343],[0.568,0.386],[2.625,2.956],[1.275,3.728],[-0.011,0.729],[-0.054,0.729],[-1.446,3.749],[-2.667,2.978],[-0.632,0.364],[-0.632,0.321],[-3.803,0.729],[-3.803,-0.729],[-0.653,-0.321],[-0.653,-0.364],[-2.667,-2.978],[-1.36,-3.728],[-0.032,-0.75],[0.011,-0.75],[1.317,-3.749]],"o":[[2.603,-3.021],[0.568,-0.343],[0.568,-0.3],[3.803,-0.729],[3.803,0.729],[0.568,0.343],[0.568,0.386],[2.625,2.956],[1.275,3.728],[-0.011,0.729],[-0.054,0.729],[-1.446,3.749],[-2.667,2.978],[-0.632,0.364],[-0.632,0.321],[-3.803,0.729],[-3.803,-0.729],[-0.653,-0.321],[-0.653,-0.364],[-2.667,-2.978],[-1.36,-3.728],[-0.032,-0.75],[0.011,-0.75],[1.317,-3.749]],"v":[[2.603,-3.021],[0.568,-0.343],[0.568,-0.3],[3.803,-0.729],[3.803,0.729],[0.568,0.343],[0.568,0.386],[2.625,2.956],[1.275,3.728],[-0.011,0.729],[-0.054,0.729],[-1.446,3.749],[-2.667,2.978],[-0.632,0.364],[-0.632,0.321],[-3.803,0.729],[-3.803,-0.729],[-0.653,-0.321],[-0.653,-0.364],[-2.667,-2.978],[-1.36,-3.728],[-0.032,-0.75],[0.011,-0.75],[1.317,-3.749]],"c":true},"ix":2},"nm":"Path 1","mn":"ADBE Vector Shape - Group","hd":false},{"ty":"fl","c":{"a":0,"k":[0.4431,0.502,0.9922,1],"ix":4},"o":{"a":0,"k":100,"ix":5},"r":1,"bm":0,"nm":"Fill 1","mn":"ADBE Vector Graphic - Fill","hd":false},{"ty":"tr","p":{"a":0,"k":[196.767,313.27],"ix":2},"a":{"a":0,"k":[0,0],"ix":1},"s":{"a":0,"k":[100,100],"ix":3},"r":{"a":0,"k":0,"ix":6},"o":{"a":0,"k":100,"ix":7},"sk":{"a":0,"k":0,"ix":4},"sa":{"a":0,"k":0,"ix":5},"nm":"Transform"}],"nm":"Group 7","np":2,"cix":2,"bm":0,"ix":1,"mn":"ADBE Vector Group","hd":false},{"ty":"tr","p":{"a":0,"k":[196.767,313.27],"ix":2},"a":{"a":0,"k":[196.767,313.27],"ix":1},"s":{"a":0,"k":[100,100],"ix":3},"r":{"a":0,"k":0,"ix":6},"o":{"a":1,"k":[{"i":{"x":[0.833],"y":[0.833]},"o":{"x":[0.167],"y":[0.167]},"t":51,"s":[0]},{"i":{"x":[0.833],"y":[0.833]},"o":{"x":[0.167],"y":[0.167]},"t":52,"s":[100]},{"i":{"x":[0.833],"y":[0.833]},"o":{"x":[0.167],"y":[0.167]},"t":72,"s":[100]},{"i":{"x":[0.833],"y":[0.833]},"o":{"x":[0.167],"y":[0.167]},"t":352,"s":[100]},{"t":353,"s":[0]}],"ix":7},"sk":{"a":0,"k":0,"ix":4},"sa":{"a":0,"k":0,"ix":5},"nm":"Transform"}],"nm":"Group 7","np":1,"cix":2,"bm":0,"ix":7,"mn":"ADBE Vector Group","hd":false},{"ty":"gr","it":[{"ty":"gr","it":[{"ind":0,"ty":"sh","ix":1,"ks":{"a":0,"k":{"i":[[2.603,-3.021],[0.568,-0.343],[0.568,-0.3],[3.803,-0.729],[3.803,0.729],[0.568,0.343],[0.568,0.386],[2.625,2.956],[1.275,3.728],[-0.011,0.729],[-0.054,0.729],[-1.446,3.749],[-2.667,2.978],[-0.632,0.364],[-0.632,0.321],[-3.803,0.729],[-3.803,-0.729],[-0.653,-0.321],[-0.653,-0.364],[-2.667,-2.978],[-1.36,-3.728],[-0.032,-0.75],[0.011,-0.75],[1.317,-3.749]],"o":[[2.603,-3.021],[0.568,-0.343],[0.568,-0.3],[3.803,-0.729],[3.803,0.729],[0.568,0.343],[0.568,0.386],[2.625,2.956],[1.275,3.728],[-0.011,0.729],[-0.054,0.729],[-1.446,3.749],[-2.667,2.978],[-0.632,0.364],[-0.632,0.321],[-3.803,0.729],[-3.803,-0.729],[-0.653,-0.321],[-0.653,-0.364],[-2.667,-2.978],[-1.36,-3.728],[-0.032,-0.75],[0.011,-0.75],[1.317,-3.749]],"v":[[2.603,-3.021],[0.568,-0.343],[0.568,-0.3],[3.803,-0.729],[3.803,0.729],[0.568,0.343],[0.568,0.386],[2.625,2.956],[1.275,3.728],[-0.011,0.729],[-0.054,0.729],[-1.446,3.749],[-2.667,2.978],[-0.632,0.364],[-0.632,0.321],[-3.803,0.729],[-3.803,-0.729],[-0.653,-0.321],[-0.653,-0.364],[-2.667,-2.978],[-1.36,-3.728],[-0.032,-0.75],[0.011,-0.75],[1.317,-3.749]],"c":true},"ix":2},"nm":"Path 1","mn":"ADBE Vector Shape - Group","hd":false},{"ty":"fl","c":{"a":0,"k":[0.4431,0.502,0.9922,1],"ix":4},"o":{"a":0,"k":100,"ix":5},"r":1,"bm":0,"nm":"Fill 1","mn":"ADBE Vector Graphic - Fill","hd":false},{"ty":"tr","p":{"a":0,"k":[187.874,313.27],"ix":2},"a":{"a":0,"k":[0,0],"ix":1},"s":{"a":0,"k":[100,100],"ix":3},"r":{"a":0,"k":0,"ix":6},"o":{"a":0,"k":100,"ix":7},"sk":{"a":0,"k":0,"ix":4},"sa":{"a":0,"k":0,"ix":5},"nm":"Transform"}],"nm":"Group 8","np":2,"cix":2,"bm":0,"ix":1,"mn":"ADBE Vector Group","hd":false},{"ty":"tr","p":{"a":0,"k":[187.874,313.27],"ix":2},"a":{"a":0,"k":[187.874,313.27],"ix":1},"s":{"a":0,"k":[100,100],"ix":3},"r":{"a":0,"k":0,"ix":6},"o":{"a":1,"k":[{"i":{"x":[0.833],"y":[0.833]},"o":{"x":[0.167],"y":[0.167]},"t":49,"s":[0]},{"i":{"x":[0.833],"y":[0.833]},"o":{"x":[0.167],"y":[0.167]},"t":50,"s":[100]},{"i":{"x":[0.833],"y":[0.833]},"o":{"x":[0.167],"y":[0.167]},"t":70,"s":[100]},{"i":{"x":[0.833],"y":[0.833]},"o":{"x":[0.167],"y":[0.167]},"t":350,"s":[100]},{"t":351,"s":[0]}],"ix":7},"sk":{"a":0,"k":0,"ix":4},"sa":{"a":0,"k":0,"ix":5},"nm":"Transform"}],"nm":"Group 8","np":1,"cix":2,"bm":0,"ix":8,"mn":"ADBE Vector Group","hd":false}],"ip":50,"op":364,"st":50,"bm":0,"completed":true},{"ddd":0,"ind":2,"ty":4,"nm":"User name","sr":1,"ks":{"o":{"a":1,"k":[{"i":{"x":[0.833],"y":[0.833]},"o":{"x":[0.167],"y":[0.167]},"t":0,"s":[0]},{"t":20,"s":[100]}],"ix":11},"r":{"a":0,"k":0,"ix":10},"p":{"a":0,"k":[183.429,270.817,0],"ix":2,"l":2},"a":{"a":0,"k":[-55.929,0,0],"ix":1,"l":2},"s":{"a":1,"k":[{"i":{"x":[0,0,0],"y":[1,1,1]},"o":{"x":[0.333,0.333,0.333],"y":[0,0,0]},"t":30,"s":[0,100,100]},{"t":60,"s":[100,100,100]}],"ix":6,"l":2}},"ao":0,"shapes":[{"ty":"gr","it":[{"ty":"rc","d":1,"s":{"a":0,"k":[111.857,9.6],"ix":2},"p":{"a":0,"k":[0,0],"ix":3},"r":{"a":0,"k":0,"ix":4},"nm":"Rectangle Path 1","mn":"ADBE Vector Shape - Rect","hd":false},{"ty":"fl","c":{"a":0,"k":[0.4431,0.502,0.9922,1],"ix":4},"o":{"a":0,"k":100,"ix":5},"r":1,"bm":0,"nm":"Fill 1","mn":"ADBE Vector Graphic - Fill","hd":false},{"ty":"tr","p":{"a":0,"k":[0,0],"ix":2},"a":{"a":0,"k":[0,0],"ix":1},"s":{"a":0,"k":[100,100],"ix":3},"r":{"a":0,"k":0,"ix":6},"o":{"a":0,"k":100,"ix":7},"sk":{"a":0,"k":0,"ix":4},"sa":{"a":0,"k":0,"ix":5},"nm":"Transform"}],"nm":"User name","np":2,"cix":2,"bm":0,"ix":1,"mn":"ADBE Vector Group","hd":false}],"ip":30,"op":300,"st":0,"bm":0,"completed":true},{"ddd":0,"ind":3,"ty":4,"nm":"Login & Sign up Button","sr":1,"ks":{"o":{"a":1,"k":[{"i":{"x":[0],"y":[1]},"o":{"x":[0.333],"y":[0]},"t":12,"s":[0]},{"t":29,"s":[100]}],"ix":11},"r":{"a":0,"k":0,"ix":10},"p":{"a":1,"k":[{"i":{"x":0,"y":1},"o":{"x":0.333,"y":0},"t":9,"s":[250,461.026,0],"to":[0,-16.667,0],"ti":[0,16.667,0]},{"i":{"x":0.667,"y":0.667},"o":{"x":0.333,"y":0.333},"t":29,"s":[250,361.026,0],"to":[0,0,0],"ti":[0,0,0]},{"i":{"x":0.667,"y":1},"o":{"x":0.333,"y":0},"t":69,"s":[250,361.026,0],"to":[0,0,0],"ti":[0,0,0]},{"i":{"x":0.667,"y":1},"o":{"x":0.333,"y":0},"t":74,"s":[250,366.026,0],"to":[0,0,0],"ti":[0,0,0]},{"t":79,"s":[250,361.026,0]}],"ix":2,"l":2},"a":{"a":0,"k":[0,0,0],"ix":1,"l":2},"s":{"a":1,"k":[{"i":{"x":[0.667,0.667,0.667],"y":[1,1,1]},"o":{"x":[0.333,0.333,0.333],"y":[0,0,0]},"t":69,"s":[100,100,100]},{"i":{"x":[0.667,0.667,0.667],"y":[1,1,1]},"o":{"x":[0.333,0.333,0.333],"y":[0,0,0]},"t":74,"s":[95,95,100]},{"t":79,"s":[100,100,100]}],"ix":6,"l":2}},"ao":0,"shapes":[{"ty":"gr","it":[{"ind":0,"ty":"sh","ix":1,"ks":{"a":0,"k":{"i":[[42.329,13.878],[-34.696,13.878],[-48.574,7.633],[-48.574,0],[-42.329,-13.878],[34.696,-13.878],[48.574,-7.633],[48.574,0]],"o":[[34.696,13.878],[-42.329,13.878],[-48.574,0],[-48.574,-7.633],[-34.696,-13.878],[42.329,-13.878],[48.574,0],[48.574,7.633]],"v":[[34.696,13.878],[-34.696,13.878],[-48.574,0],[-48.574,0],[-34.696,-13.878],[34.696,-13.878],[48.574,0],[48.574,0]],"c":true},"ix":2},"nm":"Path 1","mn":"ADBE Vector Shape - Group","hd":false},{"ty":"fl","c":{"a":0,"k":[0.4431,0.502,0.9922,1],"ix":4},"o":{"a":0,"k":100,"ix":5},"r":1,"bm":0,"nm":"Fill 1","mn":"ADBE Vector Graphic - Fill","hd":false},{"ty":"tr","p":{"a":0,"k":[0,0],"ix":2},"a":{"a":0,"k":[0,0],"ix":1},"s":{"a":0,"k":[100,100],"ix":3},"r":{"a":0,"k":0,"ix":6},"o":{"a":0,"k":100,"ix":7},"sk":{"a":0,"k":0,"ix":4},"sa":{"a":0,"k":0,"ix":5},"nm":"Transform"}],"nm":"Login & Sign up Button","np":2,"cix":2,"bm":0,"ix":1,"mn":"ADBE Vector Group","hd":false}],"ip":9,"op":309,"st":9,"bm":0,"completed":true},{"ddd":0,"ind":4,"ty":4,"nm":"Password Box","sr":1,"ks":{"o":{"a":1,"k":[{"i":{"x":[0],"y":[1]},"o":{"x":[0.333],"y":[0]},"t":7,"s":[0]},{"t":27,"s":[100]}],"ix":11},"r":{"a":0,"k":0,"ix":10},"p":{"a":1,"k":[{"i":{"x":0,"y":1},"o":{"x":0.333,"y":0},"t":7,"s":[250,412.452,0],"to":null,"ti":null},{"t":27,"s":[250,312.452,0]}],"ix":2,"l":2},"a":{"a":0,"k":[0,0,0],"ix":1,"l":2},"s":{"a":0,"k":[100,100,100],"ix":6,"l":2}},"ao":0,"shapes":[{"ty":"gr","it":[{"ind":0,"ty":"sh","ix":1,"ks":{"a":0,"k":{"i":[[-76.33,-13.878],[76.33,-13.878],[76.33,13.878],[-76.33,13.878]],"o":[[-76.33,-13.878],[76.33,-13.878],[76.33,13.878],[-76.33,13.878]],"v":[[-76.33,-13.878],[76.33,-13.878],[76.33,13.878],[-76.33,13.878]],"c":true},"ix":2},"nm":"Path 1","mn":"ADBE Vector Shape - Group","hd":false,"_render":true},{"ty":"fl","c":{"a":0,"k":[1,1,1,1],"ix":4},"o":{"a":0,"k":100,"ix":5},"r":1,"bm":0,"nm":"Fill 1","mn":"ADBE Vector Graphic - Fill","hd":false,"_render":true},{"ty":"tr","p":{"a":0,"k":[0,0],"ix":2},"a":{"a":0,"k":[0,0],"ix":1},"s":{"a":0,"k":[100,100],"ix":3},"r":{"a":0,"k":0,"ix":6},"o":{"a":0,"k":100,"ix":7},"sk":{"a":0,"k":0,"ix":4},"sa":{"a":0,"k":0,"ix":5},"nm":"Transform","_render":true}],"nm":"Password Box","np":2,"cix":2,"bm":0,"ix":1,"mn":"ADBE Vector Group","hd":false,"_render":true}],"ip":7,"op":307,"st":7,"bm":0,"completed":true},{"ddd":0,"ind":5,"ty":4,"nm":"User name Box","sr":1,"ks":{"o":{"a":1,"k":[{"i":{"x":[0],"y":[1]},"o":{"x":[0.333],"y":[0]},"t":5,"s":[0]},{"t":25,"s":[100]}],"ix":11},"r":{"a":0,"k":0,"ix":10},"p":{"a":1,"k":[{"i":{"x":0,"y":1},"o":{"x":0.333,"y":0},"t":5,"s":[250,370.817,0],"to":null,"ti":null},{"t":25,"s":[250,270.817,0]}],"ix":2,"l":2},"a":{"a":0,"k":[0,0,0],"ix":1,"l":2},"s":{"a":0,"k":[100,100,100],"ix":6,"l":2}},"ao":0,"shapes":[{"ty":"gr","it":[{"ty":"rc","d":1,"s":{"a":0,"k":[152.661,27.757],"ix":2},"p":{"a":0,"k":[0,0],"ix":3},"r":{"a":0,"k":0,"ix":4},"nm":"Rectangle Path 1","mn":"ADBE Vector Shape - Rect","hd":false,"_render":true},{"ty":"fl","c":{"a":0,"k":[1,1,1,1],"ix":4},"o":{"a":0,"k":100,"ix":5},"r":1,"bm":0,"nm":"Fill 1","mn":"ADBE Vector Graphic - Fill","hd":false,"_render":true},{"ty":"tr","p":{"a":0,"k":[0,0],"ix":2},"a":{"a":0,"k":[0,0],"ix":1},"s":{"a":0,"k":[100,100],"ix":3},"r":{"a":0,"k":0,"ix":6},"o":{"a":0,"k":100,"ix":7},"sk":{"a":0,"k":0,"ix":4},"sa":{"a":0,"k":0,"ix":5},"nm":"Transform","_render":true}],"nm":"User name Box","np":2,"cix":2,"bm":0,"ix":1,"mn":"ADBE Vector Group","hd":false,"_render":true}],"ip":5,"op":305,"st":5,"bm":0,"completed":true},{"ddd":0,"ind":6,"ty":4,"nm":"Use icon","parent":8,"sr":1,"ks":{"o":{"a":1,"k":[{"i":{"x":[0.833],"y":[0.833]},"o":{"x":[0.167],"y":[0.167]},"t":0,"s":[0]},{"t":20,"s":[100]}],"ix":11},"r":{"a":0,"k":0,"ix":10},"p":{"a":0,"k":[0,-55.513,0],"ix":2,"l":2},"a":{"a":0,"k":[250,194.487,0],"ix":1,"l":2},"s":{"a":0,"k":[100,100,100],"ix":6,"l":2}},"ao":0,"shapes":[{"ty":"gr","it":[{"ind":0,"ty":"sh","ix":1,"ks":{"a":0,"k":{"i":[[-10.409,12.837],[19.43,9.368],[13.184,-12.837],[-24.287,-8.674]],"o":[[10.409,12.837],[24.287,-8.674],[-13.184,-12.837],[-20.124,9.368]],"v":[[0,12.837],[27.063,2.429],[0,-12.837],[-27.063,2.429]],"c":true},"ix":2},"nm":"Path 1","mn":"ADBE Vector Shape - Group","hd":false,"_render":true},{"ty":"fl","c":{"a":0,"k":[0.0314,0.3412,0.6275,1],"ix":4},"o":{"a":0,"k":100,"ix":5},"r":1,"bm":0,"nm":"Fill 1","mn":"ADBE Vector Graphic - Fill","hd":false,"_render":true},{"ty":"tr","p":{"a":0,"k":[250,223.284],"ix":2},"a":{"a":0,"k":[0,0],"ix":1},"s":{"a":0,"k":[100,100],"ix":3},"r":{"a":0,"k":0,"ix":6},"o":{"a":0,"k":100,"ix":7},"sk":{"a":0,"k":0,"ix":4},"sa":{"a":0,"k":0,"ix":5},"nm":"Transform","_render":true}],"nm":"Group 1","np":2,"cix":2,"bm":0,"ix":1,"mn":"ADBE Vector Group","hd":false,"_render":true},{"ty":"gr","it":[{"ind":0,"ty":"sh","ix":1,"ks":{"a":0,"k":{"i":[[-9.198,-16.654],[16.654,-9.198],[9.198,16.654],[-16.654,9.198]],"o":[[9.198,-16.654],[16.654,9.198],[-9.198,16.654],[-16.654,-9.198]],"v":[[0,-16.654],[16.654,0],[0,16.654],[-16.654,0]],"c":true},"ix":2},"nm":"Path 1","mn":"ADBE Vector Shape - Group","hd":false,"_render":true},{"ty":"fl","c":{"a":0,"k":[1,1,1,1],"ix":4},"o":{"a":0,"k":100,"ix":5},"r":1,"bm":0,"nm":"Fill 1","mn":"ADBE Vector Graphic - Fill","hd":false,"_render":true},{"ty":"tr","p":{"a":0,"k":[250,188.936],"ix":2},"a":{"a":0,"k":[0,0],"ix":1},"s":{"a":0,"k":[100,100],"ix":3},"r":{"a":0,"k":0,"ix":6},"o":{"a":0,"k":100,"ix":7},"sk":{"a":0,"k":0,"ix":4},"sa":{"a":0,"k":0,"ix":5},"nm":"Transform","_render":true}],"nm":"Group 2","np":2,"cix":2,"bm":0,"ix":2,"mn":"ADBE Vector Group","hd":false,"_render":true},{"ty":"gr","it":[{"ind":0,"ty":"sh","ix":1,"ks":{"a":0,"k":{"i":[[22.899,-41.635],[-41.635,-22.899],[-22.899,41.635],[41.635,22.899]],"o":[[-22.899,-41.635],[-41.635,22.899],[22.899,41.635],[41.635,-23.593]],"v":[[0,-41.635],[-41.635,0],[0,41.635],[41.635,0]],"c":true},"ix":2},"nm":"Path 1","mn":"ADBE Vector Shape - Group","hd":false,"_render":true},{"ty":"fl","c":{"a":0,"k":[0.4431,0.502,0.9922,1],"ix":4},"o":{"a":0,"k":100,"ix":5},"r":1,"bm":0,"nm":"Fill 1","mn":"ADBE Vector Graphic - Fill","hd":false,"_render":true},{"ty":"tr","p":{"a":0,"k":[250,194.487],"ix":2},"a":{"a":0,"k":[0,0],"ix":1},"s":{"a":0,"k":[100,100],"ix":3},"r":{"a":0,"k":0,"ix":6},"o":{"a":0,"k":100,"ix":7},"sk":{"a":0,"k":0,"ix":4},"sa":{"a":0,"k":0,"ix":5},"nm":"Transform","_render":true}],"nm":"Group 3","np":2,"cix":2,"bm":0,"ix":3,"mn":"ADBE Vector Group","hd":false,"_render":true}],"ip":0,"op":300,"st":0,"bm":0,"completed":true},{"ddd":0,"ind":7,"ty":4,"nm":"Top Button","parent":8,"sr":1,"ks":{"o":{"a":1,"k":[{"i":{"x":[0.833],"y":[0.833]},"o":{"x":[0.167],"y":[0.167]},"t":0,"s":[0]},{"t":20,"s":[100]}],"ix":11},"r":{"a":0,"k":0,"ix":10},"p":{"a":0,"k":[-97.148,-124.904,0],"ix":2,"l":2},"a":{"a":0,"k":[152.852,125.096,0],"ix":1,"l":2},"s":{"a":0,"k":[100,100,100],"ix":6,"l":2}},"ao":0,"shapes":[{"ty":"gr","it":[{"ty":"rc","d":1,"s":{"a":0,"k":[13.878,13.878],"ix":2},"p":{"a":0,"k":[0,0],"ix":3},"r":{"a":0,"k":0,"ix":4},"nm":"Rectangle Path 1","mn":"ADBE Vector Shape - Rect","hd":false,"_render":true},{"ty":"fl","c":{"a":0,"k":[1,1,1,1],"ix":4},"o":{"a":0,"k":100,"ix":5},"r":1,"bm":0,"nm":"Fill 1","mn":"ADBE Vector Graphic - Fill","hd":false,"_render":true},{"ty":"tr","p":{"a":0,"k":[125.096,125.096],"ix":2},"a":{"a":0,"k":[0,0],"ix":1},"s":{"a":0,"k":[100,100],"ix":3},"r":{"a":0,"k":0,"ix":6},"o":{"a":0,"k":100,"ix":7},"sk":{"a":0,"k":0,"ix":4},"sa":{"a":0,"k":0,"ix":5},"nm":"Transform","_render":true}],"nm":"Group 1","np":2,"cix":2,"bm":0,"ix":1,"mn":"ADBE Vector Group","hd":false,"_render":true},{"ty":"gr","it":[{"ty":"rc","d":1,"s":{"a":0,"k":[13.878,13.878],"ix":2},"p":{"a":0,"k":[0,0],"ix":3},"r":{"a":0,"k":0,"ix":4},"nm":"Rectangle Path 1","mn":"ADBE Vector Shape - Rect","hd":false,"_render":true},{"ty":"fl","c":{"a":0,"k":[1,1,1,1],"ix":4},"o":{"a":0,"k":100,"ix":5},"r":1,"bm":0,"nm":"Fill 1","mn":"ADBE Vector Graphic - Fill","hd":false,"_render":true},{"ty":"tr","p":{"a":0,"k":[152.852,125.096],"ix":2},"a":{"a":0,"k":[0,0],"ix":1},"s":{"a":0,"k":[100,100],"ix":3},"r":{"a":0,"k":0,"ix":6},"o":{"a":0,"k":100,"ix":7},"sk":{"a":0,"k":0,"ix":4},"sa":{"a":0,"k":0,"ix":5},"nm":"Transform","_render":true}],"nm":"Group 2","np":2,"cix":2,"bm":0,"ix":2,"mn":"ADBE Vector Group","hd":false,"_render":true},{"ty":"gr","it":[{"ty":"rc","d":1,"s":{"a":0,"k":[13.878,13.878],"ix":2},"p":{"a":0,"k":[0,0],"ix":3},"r":{"a":0,"k":0,"ix":4},"nm":"Rectangle Path 1","mn":"ADBE Vector Shape - Rect","hd":false,"_render":true},{"ty":"fl","c":{"a":0,"k":[1,1,1,1],"ix":4},"o":{"a":0,"k":100,"ix":5},"r":1,"bm":0,"nm":"Fill 1","mn":"ADBE Vector Graphic - Fill","hd":false,"_render":true},{"ty":"tr","p":{"a":0,"k":[180.609,125.096],"ix":2},"a":{"a":0,"k":[0,0],"ix":1},"s":{"a":0,"k":[100,100],"ix":3},"r":{"a":0,"k":0,"ix":6},"o":{"a":0,"k":100,"ix":7},"sk":{"a":0,"k":0,"ix":4},"sa":{"a":0,"k":0,"ix":5},"nm":"Transform","_render":true}],"nm":"Group 3","np":2,"cix":2,"bm":0,"ix":3,"mn":"ADBE Vector Group","hd":false,"_render":true}],"ip":0,"op":300,"st":0,"bm":0,"completed":true},{"ddd":0,"ind":8,"ty":4,"nm":"Tab","sr":1,"ks":{"o":{"a":1,"k":[{"i":{"x":[0.833],"y":[0.833]},"o":{"x":[0.167],"y":[0.167]},"t":0,"s":[0]},{"t":20,"s":[100]}],"ix":11},"r":{"a":0,"k":0,"ix":10},"p":{"a":1,"k":[{"i":{"x":0,"y":1},"o":{"x":0.333,"y":0},"t":0,"s":[250,450,0],"to":null,"ti":null},{"t":20,"s":[250,250,0]}],"ix":2,"l":2},"a":{"a":0,"k":[0,0,0],"ix":1,"l":2},"s":{"a":0,"k":[100,100,100],"ix":6,"l":2}},"ao":0,"shapes":[{"ty":"gr","it":[{"ind":0,"ty":"sh","ix":1,"ks":{"a":0,"k":{"i":[[153.35500000000002,-159.6],[-145.722,-159.6],[-159.6,-153.35500000000002],[-159.6,145.722],[-153.35500000000002,159.6],[145.722,159.6],[159.6,153.35500000000002],[159.6,-145.722]],"o":[[145.722,-159.6],[-153.35500000000002,-159.6],[-159.6,-145.722],[-159.6,153.35500000000002],[-145.722,159.6],[153.35500000000002,159.6],[159.6,145.722],[159.6,-153.35500000000002]],"v":[[145.722,-159.6],[-145.722,-159.6],[-159.6,-145.722],[-159.6,145.722],[-145.722,159.6],[145.722,159.6],[159.6,145.722],[159.6,-145.722]],"c":true},"ix":2},"nm":"Path 1","mn":"ADBE Vector Shape - Group","hd":false,"_render":true},{"ty":"fl","c":{"a":0,"k":[0.6314,0.6784,0.7176,1],"ix":4},"o":{"a":0,"k":100,"ix":5},"r":1,"bm":0,"nm":"Fill 1","mn":"ADBE Vector Graphic - Fill","hd":false,"_render":true},{"ty":"tr","p":{"a":0,"k":[0,0],"ix":2},"a":{"a":0,"k":[0,0],"ix":1},"s":{"a":0,"k":[100,100],"ix":3},"r":{"a":0,"k":0,"ix":6},"o":{"a":0,"k":100,"ix":7},"sk":{"a":0,"k":0,"ix":4},"sa":{"a":0,"k":0,"ix":5},"nm":"Transform","_render":true}],"nm":"Tab","np":2,"cix":2,"bm":0,"ix":1,"mn":"ADBE Vector Group","hd":false,"_render":true}],"ip":0,"op":300,"st":0,"bm":0,"completed":true}],"markers":[],"__complete":true}